-- MySQL Script generated by MySQL Workbench
-- Sat Nov 15 09:55:50 2014
-- Model: New Model    Version: 1.0
-- MySQL Workbench Forward Engineering

SET @OLD_UNIQUE_CHECKS=@@UNIQUE_CHECKS, UNIQUE_CHECKS=0;
SET @OLD_FOREIGN_KEY_CHECKS=@@FOREIGN_KEY_CHECKS, FOREIGN_KEY_CHECKS=0;
SET @OLD_SQL_MODE=@@SQL_MODE, SQL_MODE='TRADITIONAL,ALLOW_INVALID_DATES';

-- -----------------------------------------------------
-- Schema comunidad_colciencias_persona
-- -----------------------------------------------------

-- -----------------------------------------------------
-- Schema comunidad_colciencias_persona
-- -----------------------------------------------------
CREATE SCHEMA IF NOT EXISTS `comunidad_colciencias_persona` DEFAULT CHARACTER SET utf8 COLLATE utf8_general_ci ;
USE `comunidad_colciencias_persona` ;

-- -----------------------------------------------------
-- Table `comunidad_colciencias_persona`.`Pais`
-- -----------------------------------------------------
CREATE TABLE IF NOT EXISTS `comunidad_colciencias_persona`.`Pais` (
  `idPais` INT NOT NULL AUTO_INCREMENT,
  `nombrePais` VARCHAR(30) NOT NULL,
  PRIMARY KEY (`idPais`))
ENGINE = InnoDB;


-- -----------------------------------------------------
-- Table `comunidad_colciencias_persona`.`Departamento`
-- -----------------------------------------------------
CREATE TABLE IF NOT EXISTS `comunidad_colciencias_persona`.`Departamento` (
  `idDepartamento` INT NOT NULL AUTO_INCREMENT,
  `nombreDepartamento` VARCHAR(45) NOT NULL,
  `Pais_idPais` INT NOT NULL,
  INDEX `fk_Departamento_Pais1_idx` (`Pais_idPais` ASC),
  PRIMARY KEY (`idDepartamento`),
  CONSTRAINT `fk_Departamento_Pais1`
    FOREIGN KEY (`Pais_idPais`)
    REFERENCES `comunidad_colciencias_persona`.`Pais` (`idPais`)
    ON DELETE NO ACTION
    ON UPDATE NO ACTION)
ENGINE = InnoDB;


-- -----------------------------------------------------
-- Table `comunidad_colciencias_persona`.`Ciudad`
-- -----------------------------------------------------
CREATE TABLE IF NOT EXISTS `comunidad_colciencias_persona`.`Ciudad` (
  `idCiudad` INT NOT NULL,
  `nombreCiudad` VARCHAR(45) NOT NULL,
  `Departamento_idDepartamento` INT NOT NULL,
  PRIMARY KEY (`idCiudad`),
  INDEX `fk_Ciudad_Departamento1_idx` (`Departamento_idDepartamento` ASC),
  CONSTRAINT `fk_Ciudad_Departamento1`
    FOREIGN KEY (`Departamento_idDepartamento`)
    REFERENCES `comunidad_colciencias_persona`.`Departamento` (`idDepartamento`)
    ON DELETE NO ACTION
    ON UPDATE NO ACTION)
ENGINE = InnoDB;


-- -----------------------------------------------------
-- Table `comunidad_colciencias_persona`.`Proyectos`
-- -----------------------------------------------------
CREATE TABLE IF NOT EXISTS `comunidad_colciencias_persona`.`Proyectos` (
  `idProyectos` INT(20) NOT NULL,
  `nombreProyecto` VARCHAR(100) NOT NULL,
  `tipoProyecto` VARCHAR(45) NOT NULL,
  `tipoFinanciacion` VARCHAR(45) NOT NULL,
  `fuentesFinanciacion` VARCHAR(45) NOT NULL,
  `participacionProyecto` VARCHAR(45) NOT NULL,
  `institucion` VARCHAR(100) NOT NULL,
  `participacionInst` VARCHAR(45) NOT NULL,
  `valorContrapartida` INT(25) NOT NULL,
  `numeroActoAdministrativo` INT(25) NOT NULL,
  `anioInicio` VARCHAR(45) NOT NULL,
  `mesInicio` VARCHAR(45) NOT NULL,
  `anioFin` VARCHAR(45) NOT NULL,
  `mesFin` VARCHAR(45) NOT NULL,
  `resumen` VARCHAR(255) NOT NULL,
  `integrantesProyecto` VARCHAR(255) NULL,
  `certificado` VARCHAR(100) NOT NULL,
  `institucionesVinculadas` VARCHAR(100) NULL,
  `produccionCTI` VARCHAR(100) NULL,
  `duenoPersona_idPersona` INT NOT NULL,
  PRIMARY KEY (`idProyectos`),
  INDEX `fk_Proyectos_Persona1_idx` (`duenoPersona_idPersona` ASC),
  CONSTRAINT `fk_Proyectos_Persona`
    FOREIGN KEY (`duenoPersona_idPersona`)
    REFERENCES `comunidad_colciencias_persona`.`Persona` (`idPersona`)
    ON DELETE NO ACTION
    ON UPDATE NO ACTION)
ENGINE = InnoDB;


-- -----------------------------------------------------
-- Table `comunidad_colciencias_persona`.`Persona`
-- -----------------------------------------------------
CREATE TABLE IF NOT EXISTS `comunidad_colciencias_persona`.`Persona` (
  `idPersona` INT NOT NULL AUTO_INCREMENT,
  `cedulaPersona` VARCHAR(25) NOT NULL,
  `nombrePersona` VARCHAR(50) NOT NULL,
  `primerApellidoPersona` VARCHAR(25) NOT NULL,
  `segundoApellidoPersona` VARCHAR(25) NULL,
  `nombreCitasBliblioPersona` VARCHAR(80) NULL,
  `tipoDocumentoPersona` VARCHAR(25) NOT NULL,
  `nacionalidadPais_idPais` INT NOT NULL,
  `expediciónPais_idPais` INT NOT NULL,
  `nacimientoPais_idPais` INT NOT NULL,
  `nacimientoDepartamento_idDepartamento` INT NOT NULL,
  `nacimientoCiudad_idCiudad` INT NOT NULL,
  `fechaExpedicionDoc` VARCHAR(45) NOT NULL,
  `sexoPersona` VARCHAR(9) NOT NULL,
  `fechaNacimientoPersona` DATE NOT NULL,
  `usuarioSIICPersona` VARCHAR(50) NOT NULL,
  `contraseñaSIICPersona` VARCHAR(50) NOT NULL,
  `estadoCivilPersona` VARCHAR(45) NULL,
  `dirProInstitucion` VARCHAR(100) NOT NULL,
  `dirProDireccionInstitucion` VARCHAR(35) NOT NULL,
  `dirProBarrio` VARCHAR(50) NOT NULL,
  `dirProCodigoPostal` INT(10) NULL,
  `dirProApartadoPostal` INT(10) NULL,
  `dirProTelefonoFijo` INT(7) NOT NULL,
  `dirProExtension` INT(10) NULL,
  `dirProEmailInstitucional` VARCHAR(100) NOT NULL,
  `dirProPaginaInstitucional` VARCHAR(100) NULL,
  `dirProPais_idPais` INT NOT NULL,
  `dirProDepartamento_idDepartamento` INT NOT NULL,
  `dirProCiudad_idCiudad` INT NOT NULL,
  `dirPerDireccion` VARCHAR(35) NOT NULL,
  `dirPerBarrio` VARCHAR(50) NOT NULL,
  `dirPerCodigoPostal` INT(10) NULL,
  `dirPerTelefonoFijo` INT(10) NOT NULL,
  `dirPerTelefonoMovil` INT(12) NULL,
  `dirPerApartadoPostal` INT(10) NULL,
  `dirPerEmail` VARCHAR(100) NOT NULL,
  `dirPerSitioWeb` VARCHAR(100) NULL,
  `dirPerPais_idPais` INT NOT NULL,
  `dirPerDepartamento_idDepartamento` INT NOT NULL,
  `dirPerCiudad_idCiudad` INT NOT NULL,
  `participacionProyectos_idProyectos` INT(20) NULL,
  PRIMARY KEY (`idPersona`),
  INDEX `fk_Persona_Pais_idx` (`nacionalidadPais_idPais` ASC),
  INDEX `fk_Persona_Pais1_idx` (`expediciónPais_idPais` ASC),
  INDEX `fk_Persona_Ciudad1_idx` (`nacimientoCiudad_idCiudad` ASC),
  INDEX `fk_Persona_Ciudad2_idx` (`dirProCiudad_idCiudad` ASC),
  INDEX `fk_Persona_Ciudad3_idx` (`dirPerCiudad_idCiudad` ASC),
  INDEX `fk_Persona_Pais2_idx` (`nacimientoPais_idPais` ASC),
  INDEX `fk_Persona_Departamento1_idx` (`nacimientoDepartamento_idDepartamento` ASC),
  INDEX `fk_Persona_Pais3_idx` (`dirProPais_idPais` ASC),
  INDEX `fk_Persona_Departamento2_idx` (`dirProDepartamento_idDepartamento` ASC),
  INDEX `fk_Persona_Pais4_idx` (`dirPerPais_idPais` ASC),
  INDEX `fk_Persona_Departamento3_idx` (`dirPerDepartamento_idDepartamento` ASC),
  INDEX `fk_Persona_Proyectos1_idx` (`participacionProyectos_idProyectos` ASC),
  CONSTRAINT `fk_Persona_Pais`
    FOREIGN KEY (`nacionalidadPais_idPais`)
    REFERENCES `comunidad_colciencias_persona`.`Pais` (`idPais`)
    ON DELETE NO ACTION
    ON UPDATE NO ACTION,
  CONSTRAINT `fk_Persona_Pais1`
    FOREIGN KEY (`expediciónPais_idPais`)
    REFERENCES `comunidad_colciencias_persona`.`Pais` (`idPais`)
    ON DELETE NO ACTION
    ON UPDATE NO ACTION,
  CONSTRAINT `fk_Persona_Ciudad1`
    FOREIGN KEY (`nacimientoCiudad_idCiudad`)
    REFERENCES `comunidad_colciencias_persona`.`Ciudad` (`idCiudad`)
    ON DELETE NO ACTION
    ON UPDATE NO ACTION,
  CONSTRAINT `fk_Persona_Ciudad2`
    FOREIGN KEY (`dirProCiudad_idCiudad`)
    REFERENCES `comunidad_colciencias_persona`.`Ciudad` (`idCiudad`)
    ON DELETE NO ACTION
    ON UPDATE NO ACTION,
  CONSTRAINT `fk_Persona_Ciudad3`
    FOREIGN KEY (`dirPerCiudad_idCiudad`)
    REFERENCES `comunidad_colciencias_persona`.`Ciudad` (`idCiudad`)
    ON DELETE NO ACTION
    ON UPDATE NO ACTION,
  CONSTRAINT `fk_Persona_Pais2`
    FOREIGN KEY (`nacimientoPais_idPais`)
    REFERENCES `comunidad_colciencias_persona`.`Pais` (`idPais`)
    ON DELETE NO ACTION
    ON UPDATE NO ACTION,
  CONSTRAINT `fk_Persona_Departamento1`
    FOREIGN KEY (`nacimientoDepartamento_idDepartamento`)
    REFERENCES `comunidad_colciencias_persona`.`Departamento` (`idDepartamento`)
    ON DELETE NO ACTION
    ON UPDATE NO ACTION,
  CONSTRAINT `fk_Persona_Pais3`
    FOREIGN KEY (`dirProPais_idPais`)
    REFERENCES `comunidad_colciencias_persona`.`Pais` (`idPais`)
    ON DELETE NO ACTION
    ON UPDATE NO ACTION,
  CONSTRAINT `fk_Persona_Departamento2`
    FOREIGN KEY (`dirProDepartamento_idDepartamento`)
    REFERENCES `comunidad_colciencias_persona`.`Departamento` (`idDepartamento`)
    ON DELETE NO ACTION
    ON UPDATE NO ACTION,
  CONSTRAINT `fk_Persona_Pais4`
    FOREIGN KEY (`dirPerPais_idPais`)
    REFERENCES `comunidad_colciencias_persona`.`Pais` (`idPais`)
    ON DELETE NO ACTION
    ON UPDATE NO ACTION,
  CONSTRAINT `fk_Persona_Departamento3`
    FOREIGN KEY (`dirPerDepartamento_idDepartamento`)
    REFERENCES `comunidad_colciencias_persona`.`Departamento` (`idDepartamento`)
    ON DELETE NO ACTION
    ON UPDATE NO ACTION,
  CONSTRAINT `fk_Persona_Proyectos`
    FOREIGN KEY (`participacionProyectos_idProyectos`)
    REFERENCES `comunidad_colciencias_persona`.`Proyectos` (`idProyectos`)
    ON DELETE NO ACTION
    ON UPDATE NO ACTION)
ENGINE = InnoDB;


-- -----------------------------------------------------
-- Table `comunidad_colciencias_persona`.`FormacionAcademica`
-- -----------------------------------------------------
CREATE TABLE IF NOT EXISTS `comunidad_colciencias_persona`.`FormacionAcademica` (
  `idFormacionAcademica` INT NOT NULL AUTO_INCREMENT,
  `formAcaIntensidadHoraria` INT(3) NULL,
  `formAcaFechaObtencionTitulo` DATE NULL,
  `formAcaBecado` VARCHAR(2) NULL,
  `formAcaInstitucionOfreceBeca` VARCHAR(100) NULL,
  `formAcaNivelFormacion` VARCHAR(25) NULL,
  `formAcaInstitucion` VARCHAR(100) NULL,
  `formAcaProgramaAcademico` VARCHAR(100) NULL,
  `formAcaFechaInicio` DATE NULL,
  `formAcaFechaFinalizacion` DATE NULL,
  `formAcaTiempoFormacion` INT(2) NULL,
  `formAcaUnidadTiempoFormacion` VARCHAR(10) NULL,
  `formAcaPromedioPeriodos` DECIMAL(3,2) NULL,
  `formAcaCiudad_idCiudad` INT NOT NULL,
  `nombreIdioma` VARCHAR(45) NULL,
  `nivelEscritura` VARCHAR(10) NULL,
  `nivelLectura` VARCHAR(10) NULL,
  `nivelHabla` VARCHAR(10) NULL,
  `nivelEscucha` VARCHAR(10) NULL,
  `formComTituloObtenido` VARCHAR(30) NULL,
  `formComNivelFormacion` VARCHAR(25) NULL,
  `formComInstitucion` VARCHAR(100) NULL,
  `formComProgramaAcademico` VARCHAR(100) NULL,
  `formComFechaInicio` DATE NULL,
  `formComFechaFinalizacon` DATE NULL,
  `formComTiempoFormacion` INT(2) NULL,
  `formComUnidadTiempoFormacion` VARCHAR(10) NULL,
  `formComPromedioPeriodos` DECIMAL(3,2) NULL,
  `formComCiudad_idCiudad` INT NOT NULL,
  `Persona_idPersona` INT NOT NULL,
  PRIMARY KEY (`idFormacionAcademica`),
  INDEX `fk_FormacionAcademica_Ciudad1_idx` (`formAcaCiudad_idCiudad` ASC),
  INDEX `fk_FormacionAcademica_Ciudad2_idx` (`formComCiudad_idCiudad` ASC),
  INDEX `fk_FormacionAcademica_Persona1_idx` (`Persona_idPersona` ASC),
  CONSTRAINT `fk_FormacionAcademica_Ciudad1`
    FOREIGN KEY (`formAcaCiudad_idCiudad`)
    REFERENCES `comunidad_colciencias_persona`.`Ciudad` (`idCiudad`)
    ON DELETE NO ACTION
    ON UPDATE NO ACTION,
  CONSTRAINT `fk_FormacionAcademica_Ciudad2`
    FOREIGN KEY (`formComCiudad_idCiudad`)
    REFERENCES `comunidad_colciencias_persona`.`Ciudad` (`idCiudad`)
    ON DELETE NO ACTION
    ON UPDATE NO ACTION,
  CONSTRAINT `fk_FormacionAcademica_Persona1`
    FOREIGN KEY (`Persona_idPersona`)
    REFERENCES `comunidad_colciencias_persona`.`Persona` (`idPersona`)
    ON DELETE NO ACTION
    ON UPDATE NO ACTION)
ENGINE = InnoDB;


SET SQL_MODE=@OLD_SQL_MODE;
SET FOREIGN_KEY_CHECKS=@OLD_FOREIGN_KEY_CHECKS;
SET UNIQUE_CHECKS=@OLD_UNIQUE_CHECKS;

-- -----------------------------------------------------
-- Data for table `comunidad_colciencias_persona`.`Pais`
-- -----------------------------------------------------
START TRANSACTION;
USE `comunidad_colciencias_persona`;
INSERT INTO `comunidad_colciencias_persona`.`Pais` (`idPais`, `nombrePais`) VALUES (1, 'Afganistán');
INSERT INTO `comunidad_colciencias_persona`.`Pais` (`idPais`, `nombrePais`) VALUES (2, 'Albania');
INSERT INTO `comunidad_colciencias_persona`.`Pais` (`idPais`, `nombrePais`) VALUES (3, 'Alemania');
INSERT INTO `comunidad_colciencias_persona`.`Pais` (`idPais`, `nombrePais`) VALUES (4, 'Andorra');
INSERT INTO `comunidad_colciencias_persona`.`Pais` (`idPais`, `nombrePais`) VALUES (5, 'Angola');
INSERT INTO `comunidad_colciencias_persona`.`Pais` (`idPais`, `nombrePais`) VALUES (6, 'Antigua y Barbuda');
INSERT INTO `comunidad_colciencias_persona`.`Pais` (`idPais`, `nombrePais`) VALUES (7, 'Antillas Holandesas');
INSERT INTO `comunidad_colciencias_persona`.`Pais` (`idPais`, `nombrePais`) VALUES (8, 'Arabia Saudí');
INSERT INTO `comunidad_colciencias_persona`.`Pais` (`idPais`, `nombrePais`) VALUES (9, 'Argelia');
INSERT INTO `comunidad_colciencias_persona`.`Pais` (`idPais`, `nombrePais`) VALUES (10, 'Argentina');
INSERT INTO `comunidad_colciencias_persona`.`Pais` (`idPais`, `nombrePais`) VALUES (11, 'Armenia');
INSERT INTO `comunidad_colciencias_persona`.`Pais` (`idPais`, `nombrePais`) VALUES (12, 'Aruba');
INSERT INTO `comunidad_colciencias_persona`.`Pais` (`idPais`, `nombrePais`) VALUES (13, 'Australia');
INSERT INTO `comunidad_colciencias_persona`.`Pais` (`idPais`, `nombrePais`) VALUES (14, 'Austria');
INSERT INTO `comunidad_colciencias_persona`.`Pais` (`idPais`, `nombrePais`) VALUES (15, 'Azerbaiyán');
INSERT INTO `comunidad_colciencias_persona`.`Pais` (`idPais`, `nombrePais`) VALUES (16, 'Bahamas');
INSERT INTO `comunidad_colciencias_persona`.`Pais` (`idPais`, `nombrePais`) VALUES (17, 'Bahrein');
INSERT INTO `comunidad_colciencias_persona`.`Pais` (`idPais`, `nombrePais`) VALUES (18, 'Bangladesh');
INSERT INTO `comunidad_colciencias_persona`.`Pais` (`idPais`, `nombrePais`) VALUES (19, 'Barbados');
INSERT INTO `comunidad_colciencias_persona`.`Pais` (`idPais`, `nombrePais`) VALUES (20, 'Bélgica');
INSERT INTO `comunidad_colciencias_persona`.`Pais` (`idPais`, `nombrePais`) VALUES (21, 'Belice');
INSERT INTO `comunidad_colciencias_persona`.`Pais` (`idPais`, `nombrePais`) VALUES (22, 'Benín');
INSERT INTO `comunidad_colciencias_persona`.`Pais` (`idPais`, `nombrePais`) VALUES (23, 'Bermudas');
INSERT INTO `comunidad_colciencias_persona`.`Pais` (`idPais`, `nombrePais`) VALUES (24, 'Bielorrusia');
INSERT INTO `comunidad_colciencias_persona`.`Pais` (`idPais`, `nombrePais`) VALUES (25, 'Bolivia');
INSERT INTO `comunidad_colciencias_persona`.`Pais` (`idPais`, `nombrePais`) VALUES (26, 'Botswana');
INSERT INTO `comunidad_colciencias_persona`.`Pais` (`idPais`, `nombrePais`) VALUES (27, 'Bosnia');
INSERT INTO `comunidad_colciencias_persona`.`Pais` (`idPais`, `nombrePais`) VALUES (28, 'Brasil');
INSERT INTO `comunidad_colciencias_persona`.`Pais` (`idPais`, `nombrePais`) VALUES (29, 'Brunei');
INSERT INTO `comunidad_colciencias_persona`.`Pais` (`idPais`, `nombrePais`) VALUES (30, 'Bulgaria');
INSERT INTO `comunidad_colciencias_persona`.`Pais` (`idPais`, `nombrePais`) VALUES (31, 'Burkina Faso');
INSERT INTO `comunidad_colciencias_persona`.`Pais` (`idPais`, `nombrePais`) VALUES (32, 'Burundi');
INSERT INTO `comunidad_colciencias_persona`.`Pais` (`idPais`, `nombrePais`) VALUES (33, 'Bután');
INSERT INTO `comunidad_colciencias_persona`.`Pais` (`idPais`, `nombrePais`) VALUES (34, 'Cabo Verde');
INSERT INTO `comunidad_colciencias_persona`.`Pais` (`idPais`, `nombrePais`) VALUES (35, 'Camboya');
INSERT INTO `comunidad_colciencias_persona`.`Pais` (`idPais`, `nombrePais`) VALUES (36, 'Camerún');
INSERT INTO `comunidad_colciencias_persona`.`Pais` (`idPais`, `nombrePais`) VALUES (37, 'Canadá');
INSERT INTO `comunidad_colciencias_persona`.`Pais` (`idPais`, `nombrePais`) VALUES (38, 'Catar');
INSERT INTO `comunidad_colciencias_persona`.`Pais` (`idPais`, `nombrePais`) VALUES (39, 'Chad');
INSERT INTO `comunidad_colciencias_persona`.`Pais` (`idPais`, `nombrePais`) VALUES (40, 'Chile');
INSERT INTO `comunidad_colciencias_persona`.`Pais` (`idPais`, `nombrePais`) VALUES (41, 'China');
INSERT INTO `comunidad_colciencias_persona`.`Pais` (`idPais`, `nombrePais`) VALUES (42, 'Chipre');
INSERT INTO `comunidad_colciencias_persona`.`Pais` (`idPais`, `nombrePais`) VALUES (43, 'Colombia');
INSERT INTO `comunidad_colciencias_persona`.`Pais` (`idPais`, `nombrePais`) VALUES (44, 'Comoras');
INSERT INTO `comunidad_colciencias_persona`.`Pais` (`idPais`, `nombrePais`) VALUES (45, 'Congo');
INSERT INTO `comunidad_colciencias_persona`.`Pais` (`idPais`, `nombrePais`) VALUES (46, 'Corea del Norte');
INSERT INTO `comunidad_colciencias_persona`.`Pais` (`idPais`, `nombrePais`) VALUES (47, 'Corea del Sur');
INSERT INTO `comunidad_colciencias_persona`.`Pais` (`idPais`, `nombrePais`) VALUES (48, 'Costa de Marfil');
INSERT INTO `comunidad_colciencias_persona`.`Pais` (`idPais`, `nombrePais`) VALUES (49, 'Costa Rica');
INSERT INTO `comunidad_colciencias_persona`.`Pais` (`idPais`, `nombrePais`) VALUES (50, 'Croacia');
INSERT INTO `comunidad_colciencias_persona`.`Pais` (`idPais`, `nombrePais`) VALUES (51, 'Cuba');
INSERT INTO `comunidad_colciencias_persona`.`Pais` (`idPais`, `nombrePais`) VALUES (52, 'Dinamarca');
INSERT INTO `comunidad_colciencias_persona`.`Pais` (`idPais`, `nombrePais`) VALUES (53, 'Dominica');
INSERT INTO `comunidad_colciencias_persona`.`Pais` (`idPais`, `nombrePais`) VALUES (54, 'Dubai');
INSERT INTO `comunidad_colciencias_persona`.`Pais` (`idPais`, `nombrePais`) VALUES (55, 'Ecuador');
INSERT INTO `comunidad_colciencias_persona`.`Pais` (`idPais`, `nombrePais`) VALUES (56, 'Egipto');
INSERT INTO `comunidad_colciencias_persona`.`Pais` (`idPais`, `nombrePais`) VALUES (57, 'El Salvador');
INSERT INTO `comunidad_colciencias_persona`.`Pais` (`idPais`, `nombrePais`) VALUES (58, 'Emiratos Árabes Unidos');
INSERT INTO `comunidad_colciencias_persona`.`Pais` (`idPais`, `nombrePais`) VALUES (59, 'Eritrea');
INSERT INTO `comunidad_colciencias_persona`.`Pais` (`idPais`, `nombrePais`) VALUES (60, 'Eslovaquia');
INSERT INTO `comunidad_colciencias_persona`.`Pais` (`idPais`, `nombrePais`) VALUES (61, 'Eslovenia');
INSERT INTO `comunidad_colciencias_persona`.`Pais` (`idPais`, `nombrePais`) VALUES (62, 'España');
INSERT INTO `comunidad_colciencias_persona`.`Pais` (`idPais`, `nombrePais`) VALUES (63, 'Estados Unidos de América');
INSERT INTO `comunidad_colciencias_persona`.`Pais` (`idPais`, `nombrePais`) VALUES (64, 'Estonia');
INSERT INTO `comunidad_colciencias_persona`.`Pais` (`idPais`, `nombrePais`) VALUES (65, 'Etiopía');
INSERT INTO `comunidad_colciencias_persona`.`Pais` (`idPais`, `nombrePais`) VALUES (66, 'Fiyi');
INSERT INTO `comunidad_colciencias_persona`.`Pais` (`idPais`, `nombrePais`) VALUES (67, 'Filipinas');
INSERT INTO `comunidad_colciencias_persona`.`Pais` (`idPais`, `nombrePais`) VALUES (68, 'Finlandia');
INSERT INTO `comunidad_colciencias_persona`.`Pais` (`idPais`, `nombrePais`) VALUES (69, 'Francia');
INSERT INTO `comunidad_colciencias_persona`.`Pais` (`idPais`, `nombrePais`) VALUES (70, 'Gabón');
INSERT INTO `comunidad_colciencias_persona`.`Pais` (`idPais`, `nombrePais`) VALUES (71, 'Gambia');
INSERT INTO `comunidad_colciencias_persona`.`Pais` (`idPais`, `nombrePais`) VALUES (72, 'Georgia');
INSERT INTO `comunidad_colciencias_persona`.`Pais` (`idPais`, `nombrePais`) VALUES (73, 'Ghana');
INSERT INTO `comunidad_colciencias_persona`.`Pais` (`idPais`, `nombrePais`) VALUES (74, 'Grecia');
INSERT INTO `comunidad_colciencias_persona`.`Pais` (`idPais`, `nombrePais`) VALUES (75, 'Guam');
INSERT INTO `comunidad_colciencias_persona`.`Pais` (`idPais`, `nombrePais`) VALUES (76, 'Guatemala');
INSERT INTO `comunidad_colciencias_persona`.`Pais` (`idPais`, `nombrePais`) VALUES (77, 'Guayana Francesa');
INSERT INTO `comunidad_colciencias_persona`.`Pais` (`idPais`, `nombrePais`) VALUES (78, 'Guinea-Bissau');
INSERT INTO `comunidad_colciencias_persona`.`Pais` (`idPais`, `nombrePais`) VALUES (79, 'Guinea Ecuatorial');
INSERT INTO `comunidad_colciencias_persona`.`Pais` (`idPais`, `nombrePais`) VALUES (80, 'Guinea');
INSERT INTO `comunidad_colciencias_persona`.`Pais` (`idPais`, `nombrePais`) VALUES (81, 'Guyana');
INSERT INTO `comunidad_colciencias_persona`.`Pais` (`idPais`, `nombrePais`) VALUES (82, 'Granada');
INSERT INTO `comunidad_colciencias_persona`.`Pais` (`idPais`, `nombrePais`) VALUES (83, 'Haití');
INSERT INTO `comunidad_colciencias_persona`.`Pais` (`idPais`, `nombrePais`) VALUES (84, 'Honduras');
INSERT INTO `comunidad_colciencias_persona`.`Pais` (`idPais`, `nombrePais`) VALUES (85, 'Hong Kong');
INSERT INTO `comunidad_colciencias_persona`.`Pais` (`idPais`, `nombrePais`) VALUES (86, 'Hungría');
INSERT INTO `comunidad_colciencias_persona`.`Pais` (`idPais`, `nombrePais`) VALUES (87, 'Holanda');
INSERT INTO `comunidad_colciencias_persona`.`Pais` (`idPais`, `nombrePais`) VALUES (88, 'India');
INSERT INTO `comunidad_colciencias_persona`.`Pais` (`idPais`, `nombrePais`) VALUES (89, 'Indonesia');
INSERT INTO `comunidad_colciencias_persona`.`Pais` (`idPais`, `nombrePais`) VALUES (90, 'Irak');
INSERT INTO `comunidad_colciencias_persona`.`Pais` (`idPais`, `nombrePais`) VALUES (91, 'Irán');
INSERT INTO `comunidad_colciencias_persona`.`Pais` (`idPais`, `nombrePais`) VALUES (92, 'Irlanda');
INSERT INTO `comunidad_colciencias_persona`.`Pais` (`idPais`, `nombrePais`) VALUES (93, 'Islandia');
INSERT INTO `comunidad_colciencias_persona`.`Pais` (`idPais`, `nombrePais`) VALUES (94, 'Islas Caimán');
INSERT INTO `comunidad_colciencias_persona`.`Pais` (`idPais`, `nombrePais`) VALUES (95, 'Islas Marshall');
INSERT INTO `comunidad_colciencias_persona`.`Pais` (`idPais`, `nombrePais`) VALUES (96, 'Islas Pitcairn');
INSERT INTO `comunidad_colciencias_persona`.`Pais` (`idPais`, `nombrePais`) VALUES (97, 'Islas Salomón');
INSERT INTO `comunidad_colciencias_persona`.`Pais` (`idPais`, `nombrePais`) VALUES (98, 'Israel');
INSERT INTO `comunidad_colciencias_persona`.`Pais` (`idPais`, `nombrePais`) VALUES (99, 'Italia');
INSERT INTO `comunidad_colciencias_persona`.`Pais` (`idPais`, `nombrePais`) VALUES (100, 'Jamaica');
INSERT INTO `comunidad_colciencias_persona`.`Pais` (`idPais`, `nombrePais`) VALUES (101, 'Japón');
INSERT INTO `comunidad_colciencias_persona`.`Pais` (`idPais`, `nombrePais`) VALUES (102, 'Jordania');
INSERT INTO `comunidad_colciencias_persona`.`Pais` (`idPais`, `nombrePais`) VALUES (103, 'Kazajstán');
INSERT INTO `comunidad_colciencias_persona`.`Pais` (`idPais`, `nombrePais`) VALUES (104, 'Kenia');
INSERT INTO `comunidad_colciencias_persona`.`Pais` (`idPais`, `nombrePais`) VALUES (105, 'Kirguistán');
INSERT INTO `comunidad_colciencias_persona`.`Pais` (`idPais`, `nombrePais`) VALUES (106, 'Kiribati');
INSERT INTO `comunidad_colciencias_persona`.`Pais` (`idPais`, `nombrePais`) VALUES (107, 'Kósovo');
INSERT INTO `comunidad_colciencias_persona`.`Pais` (`idPais`, `nombrePais`) VALUES (108, 'Kuwait');
INSERT INTO `comunidad_colciencias_persona`.`Pais` (`idPais`, `nombrePais`) VALUES (109, 'Laos');
INSERT INTO `comunidad_colciencias_persona`.`Pais` (`idPais`, `nombrePais`) VALUES (110, 'Lesotho');
INSERT INTO `comunidad_colciencias_persona`.`Pais` (`idPais`, `nombrePais`) VALUES (111, 'Letonia');
INSERT INTO `comunidad_colciencias_persona`.`Pais` (`idPais`, `nombrePais`) VALUES (112, 'Líbano');
INSERT INTO `comunidad_colciencias_persona`.`Pais` (`idPais`, `nombrePais`) VALUES (113, 'Liberia');
INSERT INTO `comunidad_colciencias_persona`.`Pais` (`idPais`, `nombrePais`) VALUES (114, 'Libia');
INSERT INTO `comunidad_colciencias_persona`.`Pais` (`idPais`, `nombrePais`) VALUES (115, 'Liechtenstein');
INSERT INTO `comunidad_colciencias_persona`.`Pais` (`idPais`, `nombrePais`) VALUES (116, 'Lituania');
INSERT INTO `comunidad_colciencias_persona`.`Pais` (`idPais`, `nombrePais`) VALUES (117, 'Luxemburgo');
INSERT INTO `comunidad_colciencias_persona`.`Pais` (`idPais`, `nombrePais`) VALUES (118, 'Macedonia');
INSERT INTO `comunidad_colciencias_persona`.`Pais` (`idPais`, `nombrePais`) VALUES (119, 'Madagascar');
INSERT INTO `comunidad_colciencias_persona`.`Pais` (`idPais`, `nombrePais`) VALUES (120, 'Malasia');
INSERT INTO `comunidad_colciencias_persona`.`Pais` (`idPais`, `nombrePais`) VALUES (121, 'Malawi');
INSERT INTO `comunidad_colciencias_persona`.`Pais` (`idPais`, `nombrePais`) VALUES (122, 'Maldivas');
INSERT INTO `comunidad_colciencias_persona`.`Pais` (`idPais`, `nombrePais`) VALUES (123, 'Malí');
INSERT INTO `comunidad_colciencias_persona`.`Pais` (`idPais`, `nombrePais`) VALUES (124, 'Malta');
INSERT INTO `comunidad_colciencias_persona`.`Pais` (`idPais`, `nombrePais`) VALUES (125, 'Marianas del Norte');
INSERT INTO `comunidad_colciencias_persona`.`Pais` (`idPais`, `nombrePais`) VALUES (126, 'Marruecos');
INSERT INTO `comunidad_colciencias_persona`.`Pais` (`idPais`, `nombrePais`) VALUES (127, 'Mauricio');
INSERT INTO `comunidad_colciencias_persona`.`Pais` (`idPais`, `nombrePais`) VALUES (128, 'Mauritania');
INSERT INTO `comunidad_colciencias_persona`.`Pais` (`idPais`, `nombrePais`) VALUES (129, 'México');
INSERT INTO `comunidad_colciencias_persona`.`Pais` (`idPais`, `nombrePais`) VALUES (130, 'Micronesia');
INSERT INTO `comunidad_colciencias_persona`.`Pais` (`idPais`, `nombrePais`) VALUES (131, 'Mónaco');
INSERT INTO `comunidad_colciencias_persona`.`Pais` (`idPais`, `nombrePais`) VALUES (132, 'Moldavia');
INSERT INTO `comunidad_colciencias_persona`.`Pais` (`idPais`, `nombrePais`) VALUES (133, 'Mongolia');
INSERT INTO `comunidad_colciencias_persona`.`Pais` (`idPais`, `nombrePais`) VALUES (134, 'Montenegro');
INSERT INTO `comunidad_colciencias_persona`.`Pais` (`idPais`, `nombrePais`) VALUES (135, 'Mozambique');
INSERT INTO `comunidad_colciencias_persona`.`Pais` (`idPais`, `nombrePais`) VALUES (136, 'Myanmar');
INSERT INTO `comunidad_colciencias_persona`.`Pais` (`idPais`, `nombrePais`) VALUES (137, 'Namibia');
INSERT INTO `comunidad_colciencias_persona`.`Pais` (`idPais`, `nombrePais`) VALUES (138, 'Nauru');
INSERT INTO `comunidad_colciencias_persona`.`Pais` (`idPais`, `nombrePais`) VALUES (139, 'Nepal');
INSERT INTO `comunidad_colciencias_persona`.`Pais` (`idPais`, `nombrePais`) VALUES (140, 'Nicaragua');
INSERT INTO `comunidad_colciencias_persona`.`Pais` (`idPais`, `nombrePais`) VALUES (141, 'Níger');
INSERT INTO `comunidad_colciencias_persona`.`Pais` (`idPais`, `nombrePais`) VALUES (142, 'Nigeria');
INSERT INTO `comunidad_colciencias_persona`.`Pais` (`idPais`, `nombrePais`) VALUES (143, 'Noruega');
INSERT INTO `comunidad_colciencias_persona`.`Pais` (`idPais`, `nombrePais`) VALUES (144, 'Nueva Zelanda');
INSERT INTO `comunidad_colciencias_persona`.`Pais` (`idPais`, `nombrePais`) VALUES (145, 'Omán');
INSERT INTO `comunidad_colciencias_persona`.`Pais` (`idPais`, `nombrePais`) VALUES (146, 'Orden de Malta');
INSERT INTO `comunidad_colciencias_persona`.`Pais` (`idPais`, `nombrePais`) VALUES (147, 'Países Bajos');
INSERT INTO `comunidad_colciencias_persona`.`Pais` (`idPais`, `nombrePais`) VALUES (148, 'Pakistán');
INSERT INTO `comunidad_colciencias_persona`.`Pais` (`idPais`, `nombrePais`) VALUES (149, 'Palestina');
INSERT INTO `comunidad_colciencias_persona`.`Pais` (`idPais`, `nombrePais`) VALUES (150, 'Palau');
INSERT INTO `comunidad_colciencias_persona`.`Pais` (`idPais`, `nombrePais`) VALUES (151, 'Panamá');
INSERT INTO `comunidad_colciencias_persona`.`Pais` (`idPais`, `nombrePais`) VALUES (152, 'Papúa Nueva Guinea');
INSERT INTO `comunidad_colciencias_persona`.`Pais` (`idPais`, `nombrePais`) VALUES (153, 'Paraguay');
INSERT INTO `comunidad_colciencias_persona`.`Pais` (`idPais`, `nombrePais`) VALUES (154, 'Perú');
INSERT INTO `comunidad_colciencias_persona`.`Pais` (`idPais`, `nombrePais`) VALUES (155, 'Polonia');
INSERT INTO `comunidad_colciencias_persona`.`Pais` (`idPais`, `nombrePais`) VALUES (156, 'Portugal');
INSERT INTO `comunidad_colciencias_persona`.`Pais` (`idPais`, `nombrePais`) VALUES (157, 'Puerto Rico');
INSERT INTO `comunidad_colciencias_persona`.`Pais` (`idPais`, `nombrePais`) VALUES (158, 'Reino Unido');
INSERT INTO `comunidad_colciencias_persona`.`Pais` (`idPais`, `nombrePais`) VALUES (159, 'República Centroafricana');
INSERT INTO `comunidad_colciencias_persona`.`Pais` (`idPais`, `nombrePais`) VALUES (160, 'República Checa');
INSERT INTO `comunidad_colciencias_persona`.`Pais` (`idPais`, `nombrePais`) VALUES (161, 'República del Congo');
INSERT INTO `comunidad_colciencias_persona`.`Pais` (`idPais`, `nombrePais`) VALUES (162, 'República Democrática del Congo ');
INSERT INTO `comunidad_colciencias_persona`.`Pais` (`idPais`, `nombrePais`) VALUES (163, 'República Dominicana');
INSERT INTO `comunidad_colciencias_persona`.`Pais` (`idPais`, `nombrePais`) VALUES (164, 'Ruanda');
INSERT INTO `comunidad_colciencias_persona`.`Pais` (`idPais`, `nombrePais`) VALUES (165, 'Rumania');
INSERT INTO `comunidad_colciencias_persona`.`Pais` (`idPais`, `nombrePais`) VALUES (166, 'Rusia');
INSERT INTO `comunidad_colciencias_persona`.`Pais` (`idPais`, `nombrePais`) VALUES (167, 'Sáhara Occidental');
INSERT INTO `comunidad_colciencias_persona`.`Pais` (`idPais`, `nombrePais`) VALUES (168, 'Saint Kitts-Nevis');
INSERT INTO `comunidad_colciencias_persona`.`Pais` (`idPais`, `nombrePais`) VALUES (169, 'Samoa Americana');
INSERT INTO `comunidad_colciencias_persona`.`Pais` (`idPais`, `nombrePais`) VALUES (170, 'Samoa');
INSERT INTO `comunidad_colciencias_persona`.`Pais` (`idPais`, `nombrePais`) VALUES (171, 'San Marino');
INSERT INTO `comunidad_colciencias_persona`.`Pais` (`idPais`, `nombrePais`) VALUES (172, 'Santa Lucía');
INSERT INTO `comunidad_colciencias_persona`.`Pais` (`idPais`, `nombrePais`) VALUES (173, 'Santo Tomé y Príncipe');
INSERT INTO `comunidad_colciencias_persona`.`Pais` (`idPais`, `nombrePais`) VALUES (174, 'San Vicente y las Granadinas');
INSERT INTO `comunidad_colciencias_persona`.`Pais` (`idPais`, `nombrePais`) VALUES (175, 'Senegal');
INSERT INTO `comunidad_colciencias_persona`.`Pais` (`idPais`, `nombrePais`) VALUES (176, 'Serbia');
INSERT INTO `comunidad_colciencias_persona`.`Pais` (`idPais`, `nombrePais`) VALUES (177, 'Seychelles');
INSERT INTO `comunidad_colciencias_persona`.`Pais` (`idPais`, `nombrePais`) VALUES (178, 'Sierra Leona');
INSERT INTO `comunidad_colciencias_persona`.`Pais` (`idPais`, `nombrePais`) VALUES (179, 'Singapur');
INSERT INTO `comunidad_colciencias_persona`.`Pais` (`idPais`, `nombrePais`) VALUES (180, 'Siria');
INSERT INTO `comunidad_colciencias_persona`.`Pais` (`idPais`, `nombrePais`) VALUES (181, 'Somalia');
INSERT INTO `comunidad_colciencias_persona`.`Pais` (`idPais`, `nombrePais`) VALUES (182, 'Sri Lanka ');
INSERT INTO `comunidad_colciencias_persona`.`Pais` (`idPais`, `nombrePais`) VALUES (183, 'Sudáfrica');
INSERT INTO `comunidad_colciencias_persona`.`Pais` (`idPais`, `nombrePais`) VALUES (184, 'Sudán');
INSERT INTO `comunidad_colciencias_persona`.`Pais` (`idPais`, `nombrePais`) VALUES (185, 'Suecia');
INSERT INTO `comunidad_colciencias_persona`.`Pais` (`idPais`, `nombrePais`) VALUES (186, 'Suiza');
INSERT INTO `comunidad_colciencias_persona`.`Pais` (`idPais`, `nombrePais`) VALUES (187, 'Suazilandia');
INSERT INTO `comunidad_colciencias_persona`.`Pais` (`idPais`, `nombrePais`) VALUES (188, 'Tailandia');
INSERT INTO `comunidad_colciencias_persona`.`Pais` (`idPais`, `nombrePais`) VALUES (189, 'Taiwán ');
INSERT INTO `comunidad_colciencias_persona`.`Pais` (`idPais`, `nombrePais`) VALUES (190, 'Tanzania');
INSERT INTO `comunidad_colciencias_persona`.`Pais` (`idPais`, `nombrePais`) VALUES (191, 'Tayikistán');
INSERT INTO `comunidad_colciencias_persona`.`Pais` (`idPais`, `nombrePais`) VALUES (192, 'Tíbet ');
INSERT INTO `comunidad_colciencias_persona`.`Pais` (`idPais`, `nombrePais`) VALUES (193, 'Timor Oriental ');
INSERT INTO `comunidad_colciencias_persona`.`Pais` (`idPais`, `nombrePais`) VALUES (194, 'Togo');
INSERT INTO `comunidad_colciencias_persona`.`Pais` (`idPais`, `nombrePais`) VALUES (195, 'Tonga');
INSERT INTO `comunidad_colciencias_persona`.`Pais` (`idPais`, `nombrePais`) VALUES (196, 'Trinidad y Tobago');
INSERT INTO `comunidad_colciencias_persona`.`Pais` (`idPais`, `nombrePais`) VALUES (197, 'Túnez');
INSERT INTO `comunidad_colciencias_persona`.`Pais` (`idPais`, `nombrePais`) VALUES (198, 'Turkmenistán');
INSERT INTO `comunidad_colciencias_persona`.`Pais` (`idPais`, `nombrePais`) VALUES (199, 'Turquía');
INSERT INTO `comunidad_colciencias_persona`.`Pais` (`idPais`, `nombrePais`) VALUES (200, 'Tuvalu');
INSERT INTO `comunidad_colciencias_persona`.`Pais` (`idPais`, `nombrePais`) VALUES (201, 'Ucrania');
INSERT INTO `comunidad_colciencias_persona`.`Pais` (`idPais`, `nombrePais`) VALUES (202, 'Uganda');
INSERT INTO `comunidad_colciencias_persona`.`Pais` (`idPais`, `nombrePais`) VALUES (203, 'Uruguay');
INSERT INTO `comunidad_colciencias_persona`.`Pais` (`idPais`, `nombrePais`) VALUES (204, 'Uzbequistán');
INSERT INTO `comunidad_colciencias_persona`.`Pais` (`idPais`, `nombrePais`) VALUES (205, 'Vanuatu');
INSERT INTO `comunidad_colciencias_persona`.`Pais` (`idPais`, `nombrePais`) VALUES (206, 'Vaticano');
INSERT INTO `comunidad_colciencias_persona`.`Pais` (`idPais`, `nombrePais`) VALUES (207, 'Venezuela');
INSERT INTO `comunidad_colciencias_persona`.`Pais` (`idPais`, `nombrePais`) VALUES (208, 'Vietnam');
INSERT INTO `comunidad_colciencias_persona`.`Pais` (`idPais`, `nombrePais`) VALUES (209, 'Wallis y Futuna');
INSERT INTO `comunidad_colciencias_persona`.`Pais` (`idPais`, `nombrePais`) VALUES (210, 'Yemen');
INSERT INTO `comunidad_colciencias_persona`.`Pais` (`idPais`, `nombrePais`) VALUES (211, 'Yibuti');
INSERT INTO `comunidad_colciencias_persona`.`Pais` (`idPais`, `nombrePais`) VALUES (212, 'Zambia');
INSERT INTO `comunidad_colciencias_persona`.`Pais` (`idPais`, `nombrePais`) VALUES (213, 'Zaire');
INSERT INTO `comunidad_colciencias_persona`.`Pais` (`idPais`, `nombrePais`) VALUES (214, 'Zimbabue');

COMMIT;


-- -----------------------------------------------------
-- Data for table `comunidad_colciencias_persona`.`Departamento`
-- -----------------------------------------------------
START TRANSACTION;
USE `comunidad_colciencias_persona`;
INSERT INTO `comunidad_colciencias_persona`.`Departamento` (`idDepartamento`, `nombreDepartamento`, `Pais_idPais`) VALUES (1, 'Amazonas', 43);
INSERT INTO `comunidad_colciencias_persona`.`Departamento` (`idDepartamento`, `nombreDepartamento`, `Pais_idPais`) VALUES (2, 'Antioquia', 43);
INSERT INTO `comunidad_colciencias_persona`.`Departamento` (`idDepartamento`, `nombreDepartamento`, `Pais_idPais`) VALUES (3, 'Arauca', 43);
INSERT INTO `comunidad_colciencias_persona`.`Departamento` (`idDepartamento`, `nombreDepartamento`, `Pais_idPais`) VALUES (4, 'Atlántico', 43);
INSERT INTO `comunidad_colciencias_persona`.`Departamento` (`idDepartamento`, `nombreDepartamento`, `Pais_idPais`) VALUES (5, 'Bolívar', 43);
INSERT INTO `comunidad_colciencias_persona`.`Departamento` (`idDepartamento`, `nombreDepartamento`, `Pais_idPais`) VALUES (6, 'Boyacá', 43);
INSERT INTO `comunidad_colciencias_persona`.`Departamento` (`idDepartamento`, `nombreDepartamento`, `Pais_idPais`) VALUES (7, 'Caldas', 43);
INSERT INTO `comunidad_colciencias_persona`.`Departamento` (`idDepartamento`, `nombreDepartamento`, `Pais_idPais`) VALUES (8, 'Caquetá', 43);
INSERT INTO `comunidad_colciencias_persona`.`Departamento` (`idDepartamento`, `nombreDepartamento`, `Pais_idPais`) VALUES (9, 'Casanare', 43);
INSERT INTO `comunidad_colciencias_persona`.`Departamento` (`idDepartamento`, `nombreDepartamento`, `Pais_idPais`) VALUES (10, 'Cauca', 43);
INSERT INTO `comunidad_colciencias_persona`.`Departamento` (`idDepartamento`, `nombreDepartamento`, `Pais_idPais`) VALUES (11, 'Cesar', 43);
INSERT INTO `comunidad_colciencias_persona`.`Departamento` (`idDepartamento`, `nombreDepartamento`, `Pais_idPais`) VALUES (12, 'Chocó', 43);
INSERT INTO `comunidad_colciencias_persona`.`Departamento` (`idDepartamento`, `nombreDepartamento`, `Pais_idPais`) VALUES (13, 'Córdoba', 43);
INSERT INTO `comunidad_colciencias_persona`.`Departamento` (`idDepartamento`, `nombreDepartamento`, `Pais_idPais`) VALUES (14, 'Cundinamarca', 43);
INSERT INTO `comunidad_colciencias_persona`.`Departamento` (`idDepartamento`, `nombreDepartamento`, `Pais_idPais`) VALUES (15, 'Guainía', 43);
INSERT INTO `comunidad_colciencias_persona`.`Departamento` (`idDepartamento`, `nombreDepartamento`, `Pais_idPais`) VALUES (16, 'Guaviare', 43);
INSERT INTO `comunidad_colciencias_persona`.`Departamento` (`idDepartamento`, `nombreDepartamento`, `Pais_idPais`) VALUES (17, 'Huila', 43);
INSERT INTO `comunidad_colciencias_persona`.`Departamento` (`idDepartamento`, `nombreDepartamento`, `Pais_idPais`) VALUES (18, 'La Guajira', 43);
INSERT INTO `comunidad_colciencias_persona`.`Departamento` (`idDepartamento`, `nombreDepartamento`, `Pais_idPais`) VALUES (19, 'Magdalena', 43);
INSERT INTO `comunidad_colciencias_persona`.`Departamento` (`idDepartamento`, `nombreDepartamento`, `Pais_idPais`) VALUES (20, 'Meta', 43);
INSERT INTO `comunidad_colciencias_persona`.`Departamento` (`idDepartamento`, `nombreDepartamento`, `Pais_idPais`) VALUES (21, 'Nariño', 43);
INSERT INTO `comunidad_colciencias_persona`.`Departamento` (`idDepartamento`, `nombreDepartamento`, `Pais_idPais`) VALUES (22, 'Norte de Santander', 43);
INSERT INTO `comunidad_colciencias_persona`.`Departamento` (`idDepartamento`, `nombreDepartamento`, `Pais_idPais`) VALUES (23, 'Putumayo', 43);
INSERT INTO `comunidad_colciencias_persona`.`Departamento` (`idDepartamento`, `nombreDepartamento`, `Pais_idPais`) VALUES (24, 'Quindío', 43);
INSERT INTO `comunidad_colciencias_persona`.`Departamento` (`idDepartamento`, `nombreDepartamento`, `Pais_idPais`) VALUES (25, 'Risaralda', 43);
INSERT INTO `comunidad_colciencias_persona`.`Departamento` (`idDepartamento`, `nombreDepartamento`, `Pais_idPais`) VALUES (26, 'San Andrés y Providencia', 43);
INSERT INTO `comunidad_colciencias_persona`.`Departamento` (`idDepartamento`, `nombreDepartamento`, `Pais_idPais`) VALUES (27, 'Santander', 43);
INSERT INTO `comunidad_colciencias_persona`.`Departamento` (`idDepartamento`, `nombreDepartamento`, `Pais_idPais`) VALUES (28, 'Sucre', 43);
INSERT INTO `comunidad_colciencias_persona`.`Departamento` (`idDepartamento`, `nombreDepartamento`, `Pais_idPais`) VALUES (29, 'Tolima', 43);
INSERT INTO `comunidad_colciencias_persona`.`Departamento` (`idDepartamento`, `nombreDepartamento`, `Pais_idPais`) VALUES (30, 'Valle del Cauca', 43);
INSERT INTO `comunidad_colciencias_persona`.`Departamento` (`idDepartamento`, `nombreDepartamento`, `Pais_idPais`) VALUES (31, 'Vaupés', 43);
INSERT INTO `comunidad_colciencias_persona`.`Departamento` (`idDepartamento`, `nombreDepartamento`, `Pais_idPais`) VALUES (32, 'Vichada', 43);

COMMIT;


-- -----------------------------------------------------
-- Data for table `comunidad_colciencias_persona`.`Ciudad`
-- -----------------------------------------------------
START TRANSACTION;
USE `comunidad_colciencias_persona`;
INSERT INTO `comunidad_colciencias_persona`.`Ciudad` (`idCiudad`, `nombreCiudad`, `Departamento_idDepartamento`) VALUES (1, 'Leticia', 1);
INSERT INTO `comunidad_colciencias_persona`.`Ciudad` (`idCiudad`, `nombreCiudad`, `Departamento_idDepartamento`) VALUES (2, 'Medellín', 2);
INSERT INTO `comunidad_colciencias_persona`.`Ciudad` (`idCiudad`, `nombreCiudad`, `Departamento_idDepartamento`) VALUES (3, 'Arauca', 3);
INSERT INTO `comunidad_colciencias_persona`.`Ciudad` (`idCiudad`, `nombreCiudad`, `Departamento_idDepartamento`) VALUES (4, 'Barranquilla', 4);
INSERT INTO `comunidad_colciencias_persona`.`Ciudad` (`idCiudad`, `nombreCiudad`, `Departamento_idDepartamento`) VALUES (5, 'Cartgena', 5);
INSERT INTO `comunidad_colciencias_persona`.`Ciudad` (`idCiudad`, `nombreCiudad`, `Departamento_idDepartamento`) VALUES (6, 'Tunja', 6);
INSERT INTO `comunidad_colciencias_persona`.`Ciudad` (`idCiudad`, `nombreCiudad`, `Departamento_idDepartamento`) VALUES (7, 'Manizales', 7);
INSERT INTO `comunidad_colciencias_persona`.`Ciudad` (`idCiudad`, `nombreCiudad`, `Departamento_idDepartamento`) VALUES (8, 'Florencia', 8);
INSERT INTO `comunidad_colciencias_persona`.`Ciudad` (`idCiudad`, `nombreCiudad`, `Departamento_idDepartamento`) VALUES (9, 'Yopal', 9);
INSERT INTO `comunidad_colciencias_persona`.`Ciudad` (`idCiudad`, `nombreCiudad`, `Departamento_idDepartamento`) VALUES (10, 'Popayán', 10);
INSERT INTO `comunidad_colciencias_persona`.`Ciudad` (`idCiudad`, `nombreCiudad`, `Departamento_idDepartamento`) VALUES (11, 'Valledupar', 11);
INSERT INTO `comunidad_colciencias_persona`.`Ciudad` (`idCiudad`, `nombreCiudad`, `Departamento_idDepartamento`) VALUES (12, 'Quibdó', 12);
INSERT INTO `comunidad_colciencias_persona`.`Ciudad` (`idCiudad`, `nombreCiudad`, `Departamento_idDepartamento`) VALUES (13, 'Montería', 13);
INSERT INTO `comunidad_colciencias_persona`.`Ciudad` (`idCiudad`, `nombreCiudad`, `Departamento_idDepartamento`) VALUES (14, 'Bogotá', 14);
INSERT INTO `comunidad_colciencias_persona`.`Ciudad` (`idCiudad`, `nombreCiudad`, `Departamento_idDepartamento`) VALUES (15, 'Puerto Inírida', 15);
INSERT INTO `comunidad_colciencias_persona`.`Ciudad` (`idCiudad`, `nombreCiudad`, `Departamento_idDepartamento`) VALUES (16, 'San José del Guaviare', 16);
INSERT INTO `comunidad_colciencias_persona`.`Ciudad` (`idCiudad`, `nombreCiudad`, `Departamento_idDepartamento`) VALUES (17, 'Neiva', 17);
INSERT INTO `comunidad_colciencias_persona`.`Ciudad` (`idCiudad`, `nombreCiudad`, `Departamento_idDepartamento`) VALUES (18, 'Riohacha', 18);
INSERT INTO `comunidad_colciencias_persona`.`Ciudad` (`idCiudad`, `nombreCiudad`, `Departamento_idDepartamento`) VALUES (19, 'Santa Marta', 19);
INSERT INTO `comunidad_colciencias_persona`.`Ciudad` (`idCiudad`, `nombreCiudad`, `Departamento_idDepartamento`) VALUES (20, 'Villavicencio', 20);
INSERT INTO `comunidad_colciencias_persona`.`Ciudad` (`idCiudad`, `nombreCiudad`, `Departamento_idDepartamento`) VALUES (21, 'Pasto', 21);
INSERT INTO `comunidad_colciencias_persona`.`Ciudad` (`idCiudad`, `nombreCiudad`, `Departamento_idDepartamento`) VALUES (22, 'Cúcuta', 22);
INSERT INTO `comunidad_colciencias_persona`.`Ciudad` (`idCiudad`, `nombreCiudad`, `Departamento_idDepartamento`) VALUES (23, 'Mocoa', 23);
INSERT INTO `comunidad_colciencias_persona`.`Ciudad` (`idCiudad`, `nombreCiudad`, `Departamento_idDepartamento`) VALUES (24, 'Armenia', 24);
INSERT INTO `comunidad_colciencias_persona`.`Ciudad` (`idCiudad`, `nombreCiudad`, `Departamento_idDepartamento`) VALUES (25, 'Risaralda: Pereira', 25);
INSERT INTO `comunidad_colciencias_persona`.`Ciudad` (`idCiudad`, `nombreCiudad`, `Departamento_idDepartamento`) VALUES (26, 'San Andres', 26);
INSERT INTO `comunidad_colciencias_persona`.`Ciudad` (`idCiudad`, `nombreCiudad`, `Departamento_idDepartamento`) VALUES (27, 'Bucaramanga', 27);
INSERT INTO `comunidad_colciencias_persona`.`Ciudad` (`idCiudad`, `nombreCiudad`, `Departamento_idDepartamento`) VALUES (28, 'Sincelejo', 28);
INSERT INTO `comunidad_colciencias_persona`.`Ciudad` (`idCiudad`, `nombreCiudad`, `Departamento_idDepartamento`) VALUES (29, 'Ibagué', 29);
INSERT INTO `comunidad_colciencias_persona`.`Ciudad` (`idCiudad`, `nombreCiudad`, `Departamento_idDepartamento`) VALUES (30, 'Cali', 30);
INSERT INTO `comunidad_colciencias_persona`.`Ciudad` (`idCiudad`, `nombreCiudad`, `Departamento_idDepartamento`) VALUES (31, 'Mitú', 31);
INSERT INTO `comunidad_colciencias_persona`.`Ciudad` (`idCiudad`, `nombreCiudad`, `Departamento_idDepartamento`) VALUES (32, 'Puerto Carreño', 32);

COMMIT;

-- -----------------------------------------------------
-- Data for table `comunidad_colciencias_persona`.`Persona`
-- -----------------------------------------------------
START TRANSACTION;
USE `comunidad_colciencias_persona`;
INSERT INTO `comunidad_colciencias_persona`.`Persona` (`idPersona`, `cedulaPersona`, `nombrePersona`, `primerApellidoPersona`, `segundoApellidoPersona`, `nombreCitasBliblioPersona`, `tipoDocumentoPersona`, `nacionalidadPais_idPais`, `expediciónPais_idPais`, `nacimientoPais_idPais`, `nacimientoDepartamento_idDepartamento`, `nacimientoCiudad_idCiudad`, `fechaExpedicionDoc`, `sexoPersona`, `fechaNacimientoPersona`, `usuarioSIICPersona`, `contraseñaSIICPersona`, `estadoCivilPersona`, `dirProInstitucion`, `dirProDireccionInstitucion`, `dirProBarrio`, `dirProCodigoPostal`, `dirProApartadoPostal`, `dirProTelefonoFijo`, `dirProExtension`, `dirProEmailInstitucional`, `dirProPaginaInstitucional`, `dirProPais_idPais`, `dirProDepartamento_idDepartamento`, `dirProCiudad_idCiudad`, `dirPerDireccion`, `dirPerBarrio`, `dirPerCodigoPostal`, `dirPerTelefonoFijo`, `dirPerTelefonoMovil`, `dirPerApartadoPostal`, `dirPerEmail`, `dirPerSitioWeb`, `dirPerPais_idPais`, `dirPerDepartamento_idDepartamento`, `dirPerCiudad_idCiudad`, `participacionProyectos_idProyectos`) VALUES (1, '1094', 'Andres David', 'Montoya', 'Aguirre', 'admon', 'Cedula de Ciudadania', 43, 43, 43, 24, 24, '2011-21-09', 'Masculino', '1993-08-28', 'admon', '123456', 'Soltero', 'Universidad del Quindío', 'Norte cra 22 #13', 'Barrio Norte', 2234, 111, 7370044, 36, 'info@uniquindio.edu.co', 'www.uniquindio.edu.co', 43, 24, 24, 'Mz 6 # 16', 'El Prado', 34632, 7373625, 3005529469, 240237, 'admon28@live.com', 'www.admon.com', 43, 24, 24, NULL);

COMMIT;

-- -----------------------------------------------------
-- Data for table `comunidad_colciencias_persona`.`Proyectos`
-- -----------------------------------------------------
START TRANSACTION;
USE `comunidad_colciencias_persona`;
INSERT INTO `comunidad_colciencias_persona`.`Proyectos` (`idProyectos`, `nombreProyecto`, `tipoProyecto`, `tipoFinanciacion`, `fuentesFinanciacion`, `participacionProyecto`, `institucion`, `participacionInst`, `valorContrapartida`, `numeroActoAdministrativo`, `anioInicio`, `mesInicio`, `anioFin`, `mesFin`, `resumen`, `integrantesProyecto`, `certificado`, `institucionesVinculadas`, `produccionCTI`, `duenoPersona_idPersona`) VALUES (91080816, 'Comunidad colciencias', 'Investigación y desarrollo', 'Financiado', 'Interna', 'Investigador Principal', 'Universidad del Quindio', 'Financiadora', 50000, 001, '2001', 'Septiembre', '2005', 'Diciembre', 'Proyecto para organizar la plataforma colciencias', 'Higgor Alexander Vargas', 'Ruta del documeno', 'Colciencias', 'Página web', 1);

COMMIT;


-- -----------------------------------------------------
-- Data for table `comunidad_colciencias_persona`.`FormacionAcademica`
-- -----------------------------------------------------
START TRANSACTION;
USE `comunidad_colciencias_persona`;
INSERT INTO `comunidad_colciencias_persona`.`FormacionAcademica` (`idFormacionAcademica`, `formAcaIntensidadHoraria`, `formAcaFechaObtencionTitulo`, `formAcaBecado`, `formAcaInstitucionOfreceBeca`, `formAcaNivelFormacion`, `formAcaInstitucion`, `formAcaProgramaAcademico`, `formAcaFechaInicio`, `formAcaFechaFinalizacion`, `formAcaTiempoFormacion`, `formAcaUnidadTiempoFormacion`, `formAcaPromedioPeriodos`, `formAcaCiudad_idCiudad`, `nombreIdioma`, `nivelEscritura`, `nivelLectura`, `nivelHabla`, `nivelEscucha`, `formComTituloObtenido`, `formComNivelFormacion`, `formComInstitucion`, `formComProgramaAcademico`, `formComFechaInicio`, `formComFechaFinalizacon`, `formComTiempoFormacion`, `formComUnidadTiempoFormacion`, `formComPromedioPeriodos`, `formComCiudad_idCiudad`, `Persona_idPersona`) VALUES (1, 24, '2015-12-15', 'si', 'Universidad del Quindío', 'Pregrado/Universitario', 'Universidad del Quindío', 'Ingeniería de Sistemas y Computación', '2011-01-24', '2015-12-01', 10, 'Semestre', 4.8, 24, 'Inglés', 'Aceptable', 'Aceptable', 'Aceptable', 'Aceptable', 'Especialista HTML y CSS', 'Cursos de corta duración', 'Universidad del Quindío', 'Ingeniería de Sistemas y Computación', '2010-01-01', '2010-12-31', 2, 'Semestre', 4.9, 24, 1);

COMMIT;

